P_id,Parla_Accession_No,Parla_Language_Name,Culture,P_cid,Culture_2,P_cid_2,Parla_V1,Parla_V2,Parla_V3,Parla_V4,Parla_V5,Parla_V6,Parla_V7,Parla_V8,Parla_V9A,Parla_V9B,Parla_V9C,Parla_V10,Parla_V11,Parla_V12A,Parla_V12B,Parla_V13,Parla_V14,Parla_V15,Parla_V16,Parla_V17,Parla_V18,Parla_V19,Parla_V20,Parla_V21,Parla_V22,Parla_V23,Parla_V24,Parla_V25,Parla_V26,Parla_V27,Parla_V28,Parla_V29,Parla_V30,Parla_V31,Parla_V32,Parla_V33,Parla_V34,Parla_V35,Parla_V36,Parla_V37,Parla_V38,Parla_V39,Parla_V40,Parla_V41,Parla_V42,Parla_V43,Parla_V44,Parla_V45,Parla_V46,Parla_V47,Parla_V48,Parla_V49,Parla_Real1,Parla_Real2,Parla_Real3,Parla_Real4,Parla_Real5,Parla_Real6,Parla_Real7,Parla_Real8,Parla_Coder,Parla_Active
177,51265,Ga,Ga,15621,,,48,6,4,8,16,32,16,16,8,2,4,4,8,4,0,52,6,8,16,4,4,4,8,8,32,8,16,16,16,8,12,4,2,12,32,0,8,20,4,8,-128,4,16,8,8,8,24,4,2,2,4,0,33346,57408,36928,16448,32831,64,16449,28737,,1
138,15426,French,Paris,28568,,,32,20,4,12,24,32,2,32,4,8,2,8,48,32,0,8,8,32,12,6,2,2,2,6,48,2,8,24,16,16,48,2,2,12,16,4,2,4,2,8,-128,324,4,8,16,4,6,2,6,2,2,4,47170,4162,41024,64,16448,32831,6210,66,,1
23,5443,English,Haiti,16446,,,0,4,4,4,8,8,8,128,2,4,2,8,4,4,0,4,2,16,4,2,4,4,2,8,16,2,0,0,0,0,0,4,2,8,8,2,16,2,16,2,-128,4,20,4,8,4,2,4,2,2,2,2,66,41024,65,49215,64,32831,24641,16449,,1
22,5187,Haitian Creole,Haiti,16446,,,0,4,4,4,8,16,16,32,2,2,4,8,4,2,8,4,4,8,4,2,4,4,2,8,16,4,0,0,0,8,0,4,2,8,8,4,16,2,16,2,-128,4,4,8,8,4,2,4,4,2,2,4,17474,49216,41024,32831,49215,8256,65,34881,,1
182,12354,Kirundi,Rundi Unspecified,62544,,,32,2,2,24,2,4,128,16,4,2,8,8,2,2,0,24,2,2,2,2,2,2,8,24,4,2,4,4,4,4,4,2,2,24,16,12,8,12,12,8,-128,16,4,4,4,4,2,2,4,2,2,2,49217,0,32832,64,32831,16448,41024,16448,,1
179,59457,Ibo,Igbo,16996,,,16,20,4,28,24,2,4,8,2,4,0,2,16,32,0,4,4,24,16,12,4,4,4,8,48,8,40,48,16,8,24,4,2,24,32,0,16,16,24,8,-124,4,16,8,8,12,4,4,2,4,4,4,8257,64,16448,32831,64,32959,8258,6210,,1
116,28737,Armenian,Israeli Jews,17700,Syria,26346,48,4,12,12,16,4,4,16,2,4,2,4,8,16,0,24,4,4,4,2,4,2,4,4,16,12,8,16,16,24,24,6,6,16,12,4,10,12,10,8,-124,256,40,8,8,4,6,2,6,2,4,2,53313,41024,32832,49215,64,63,45121,49217,,1
176,32833,Twi/Fante,Fante,15280,,,32,20,4,12,10,2,8,16,2,4,8,4,16,32,16,28,12,12,16,6,2,2,6,6,48,6,24,24,16,20,8,4,2,8,16,4,20,32,6,8,-124,64,16,12,8,8,12,4,2,2,2,4,16449,64,32832,32831,64,16448,18498,51265,,1
158,20545,Teso,Teso,26907,,,16,2,8,12,10,4,16,32,2,4,8,4,24,4,0,4,4,4,4,4,2,6,4,4,32,4,8,16,8,12,24,4,2,4,12,4,12,24,4,8,-124,260,16,8,12,8,8,6,2,2,6,4,49217,16448,41024,32831,64,24640,20545,16449,,1
63,66,Tagalog,Tagalog,26368,,,32,20,2,24,8,4,8,8,2,2,4,8,4,8,0,2,6,8,4,2,12,12,24,16,16,4,24,48,48,12,6,2,4,24,32,20,4,48,12,8,-124,256,32,2,8,4,2,2,6,6,4,4,41025,16448,16448,63,32831,64,41025,28737,,1
95,4161,Malagasy,Merina,21242,,,32,2,4,24,2,4,32,64,8,2,4,8,24,2,4,24,12,8,12,6,2,2,24,12,16,2,2,6,4,4,16,6,2,24,16,0,24,8,16,8,-124,256,4,8,10,4,4,6,6,4,6,4,41025,32831,61504,24640,32831,8256,8257,28737,,1
67,53313,Pompango,Bontoc,30140,,,48,20,4,12,24,4,4,16,2,4,0,12,24,32,16,20,8,16,48,12,6,4,2,4,48,2,8,48,48,8,16,2,6,4,12,8,20,48,48,8,-124,256,32,4,8,12,4,2,2,4,4,4,53313,41024,32832,32831,64,32959,66,59457,,1
169,57409,Hausa,Hausa Unspecified,62528,,,32,20,2,12,12,16,4,8,2,2,4,2,16,32,0,18,8,48,32,8,4,4,2,24,16,2,12,36,40,24,48,4,2,24,16,16,16,24,16,8,-96,256,18,8,8,8,12,6,2,4,2,4,24642,20545,16448,32831,32831,64,2114,3138,,1
121,34881,Russian,Bryanskaya,13321,,,48,18,8,12,8,4,16,128,8,2,4,4,48,16,0,8,8,4,24,2,2,2,2,4,16,2,4,24,16,8,16,0,2,8,4,10,8,24,12,8,-96,256,36,10,12,8,4,4,2,2,6,2,53313,16448,65,16448,32831,64,43073,45121,,1
120,16449,Polish,C Polish Folk,23827,,,32,6,24,12,8,8,32,128,16,8,4,8,16,8,2,24,4,4,2,2,2,2,4,12,16,2,6,8,8,36,16,2,4,16,20,4,16,20,4,8,-96,256,32,2,6,2,2,2,2,2,2,4,3138,64,65,36928,16448,64,41025,65,,1
188,22594,Kung,Juǀʼhoansi,19262,,,32,40,6,2,2,0,0,2,2,0,0,2,32,32,0,32,8,32,2,2,8,8,2,2,32,2,4,8,32,32,24,6,2,10,24,4,48,20,40,4,-64,-128,4,96,20,8,24,2,2,4,2,4,32959,32959,32831,63,32959,32959,4419,56386,,1
47,62018,Even (Lamut),Even,15192,,,0,4,4,12,8,16,16,8,2,2,2,8,4,32,4,4,2,8,16,4,4,2,4,16,16,2,2,16,16,4,2,2,4,16,8,4,4,4,4,8,0,8,96,4,8,4,4,2,2,2,4,4,14402,41024,24640,49215,63,32831,66,16449,,1
1,46658,Namie,Lujere,62530,,,0,0,2,16,2,0,0,4,2,2,2,2,2,0,0,8,2,8,8,2,4,8,32,32,4,2,2,4,8,10,2,0,4,48,0,12,2,16,2,2,2,40,32,8,2,6,4,2,2,2,4,4,32959,32959,64,32831,49215,63,32959,32959,,1
174,5186,Dyola,Jola-Fonyi,14598,,,32,18,2,12,8,4,8,64,16,4,32,4,4,4,0,18,2,4,8,4,4,8,4,4,16,6,48,24,48,2,12,4,2,6,16,2,32,16,24,2,2,4,18,2,4,4,6,4,2,4,2,2,41025,16448,49216,32832,8256,41024,28737,28737,,1
46,56898,Chuckchee,Chaunsky Chuckchi,13850,,,16,20,2,24,8,4,8,16,2,4,4,8,4,8,0,8,2,8,4,4,4,2,4,4,4,4,2,8,8,2,2,4,4,4,4,2,4,4,2,2,2,16,32,2,8,4,2,2,2,2,4,2,51265,32832,36928,0,64,8256,32833,32833,,1
65,36418,Ilianen Manobo,Manobo,20791,,,32,2,2,16,2,4,128,8,2,2,4,2,2,2,0,8,2,2,2,2,2,4,32,32,6,2,2,10,2,2,2,2,4,8,16,40,2,32,2,8,4,16,4,2,8,6,2,6,2,2,2,4,51265,0,16448,63,49215,64,57408,32832,,1
50,65347,Nivkh,Nivkh,15907,,,2,0,0,0,0,0,0,0,4,2,2,4,0,0,0,0,0,0,0,0,0,8,0,24,2,2,2,8,0,4,0,2,4,48,48,4,2,24,6,8,4,8,48,2,4,4,2,2,4,2,2,4,32959,32959,8256,64,63,49215,32959,32959,,1
118,12583236,Georgian,Kakheti,15797,,,2,0,0,0,0,0,0,16,8,4,8,4,0,0,0,0,0,0,0,2,0,0,0,4,2,2,2,8,0,4,0,4,4,16,6,4,8,8,2,8,4,-128,2,2,8,4,2,0,0,0,0,0,32959,32959,32832,16448,64,24640,32959,32959,,1
157,16448,Nandi,Nandi,22166,,,32,4,8,24,8,2,4,8,2,8,4,4,24,4,16,8,6,8,16,2,2,2,8,8,16,4,16,24,16,4,16,4,2,8,16,0,24,4,24,8,4,256,16,8,8,4,4,2,4,2,2,4,34881,32832,24640,63,16448,64,28737,51265,,1
186,7234,Sesotho,Sotho,25917,,,32,20,4,4,16,16,4,64,16,4,2,4,48,32,0,4,8,48,48,8,8,4,6,6,32,12,48,48,48,16,24,4,2,12,16,2,20,24,12,10,4,256,16,8,2,4,4,4,2,2,6,6,12354,16449,53312,41024,16448,64,17474,20546,,1
109,3907,English,Bengal,12046,,,0,6,8,8,2,8,8,8,2,2,2,4,2,4,8,8,2,16,2,2,4,4,4,16,4,2,0,0,0,0,0,2,2,4,16,8,2,8,16,2,4,32,2,2,8,4,2,2,2,4,2,2,4162,41024,16448,63,32831,49215,28737,36929,,1
72,60482,Hawaiian,Native Hawai'i,16611,,,32,18,4,24,2,16,16,16,2,2,0,4,4,4,2,0,2,8,4,2,8,8,4,8,4,2,4,16,8,2,2,2,6,24,16,4,4,32,4,8,4,4,32,2,8,4,6,2,2,2,4,2,18498,32832,36928,49215,32831,32959,28737,57408,,1
106,48706,Uzbek,Uzbeks,62302,,,16,2,8,20,2,8,64,8,2,4,0,4,8,4,2,4,12,4,8,6,2,2,24,24,4,4,12,16,8,6,12,4,4,16,4,6,2,12,2,8,4,12,40,8,8,4,4,2,6,2,4,2,4162,32831,16448,32831,64,32959,24641,8257,,1
142,47169,Icelandic,Icelander,17007,,,16,2,24,8,2,4,64,128,8,16,2,4,8,8,4,16,2,12,4,2,2,2,2,4,16,2,2,8,8,2,12,6,6,16,20,12,8,12,4,4,4,16,36,6,2,2,2,2,6,2,6,6,53313,32831,12353,16448,36928,32831,32833,45121,,1
35,579,Sarcee,Tsuutʼina,25026,,,32,18,4,24,2,32,64,16,4,2,8,4,4,2,4,8,2,8,2,2,4,4,16,16,2,2,2,8,4,2,4,2,4,16,16,8,8,32,4,2,4,2,8,2,8,2,2,2,2,2,4,2,48706,64,32832,64,32831,16448,0,24641,,1
53,42050,Korean,Urban S Korea,18932,,,8,2,4,8,2,8,128,8,2,4,2,4,4,4,2,12,4,4,6,2,2,2,4,8,2,4,6,8,4,6,4,6,2,20,16,8,8,24,6,8,4,64,2,2,4,4,2,2,4,6,2,4,61505,0,16448,49215,8256,32831,12353,16448,,1
36,48194,Blackfoot,Káínawa,12343,,,16,2,4,16,2,8,128,16,4,2,0,4,2,2,0,24,2,6,2,2,4,4,32,32,2,2,2,4,6,2,2,4,4,32,16,6,2,8,12,4,4,2,104,24,4,6,2,4,2,4,4,2,4162,0,32832,64,49215,32959,41024,8257,,1
27,10563,Spanish,Cibao,62403,,,32,24,8,24,8,2,128,32,2,2,4,4,4,16,0,8,2,16,4,2,4,4,8,8,16,2,2,16,16,4,4,2,4,24,40,8,32,2,8,2,4,296,96,8,8,4,6,2,2,2,4,2,12353,0,41024,49215,63,8256,43073,57409,,1
172,43073,More,Mossi,21792,,,16,4,4,28,2,8,4,4,2,2,2,6,4,32,16,4,2,16,32,2,12,12,8,32,20,4,24,24,16,6,6,6,2,16,16,4,4,16,8,12,4,12,32,2,10,12,6,6,2,6,4,6,4162,65,8256,63,32831,49215,7234,53313,,1
49,2627,Yakut,Yakut,28898,,,16,20,2,16,8,0,0,0,8,4,2,8,2,0,0,16,2,8,2,2,2,4,16,8,16,4,2,8,8,4,2,2,4,8,4,4,2,4,2,2,4,8,8,8,8,4,4,2,4,2,4,2,16449,64,32832,16448,64,32831,32833,28737,,1
25,7235,English,Memphis Black,30063,,,32,4,4,4,8,2,2,32,2,2,4,8,2,16,0,4,2,16,32,2,4,4,2,4,16,4,4,16,32,2,4,4,2,8,8,2,16,4,8,0,4,4,16,8,8,4,4,6,2,2,2,2,28737,57408,41024,49215,32831,8256,55361,41025,:,1
26,10307,Spanish,Cibao,62403,,,16,20,4,20,8,2,4,16,4,2,2,8,16,8,16,8,4,8,4,2,4,4,8,8,16,2,4,8,16,8,8,2,4,16,16,16,16,16,8,2,4,72,8,4,8,4,2,2,4,2,4,2,36929,32832,36928,8256,32831,49215,36929,57409,,1
75,54850,Bunlap (Sa?),Bunlap,12816,,,32,20,4,8,4,4,4,16,2,2,4,8,8,16,0,8,4,8,2,2,8,8,8,8,4,2,2,8,8,8,8,2,0,20,16,10,2,4,4,2,4,32,36,2,2,2,6,2,2,2,2,4,55361,41024,32832,32831,49215,64,49217,32959,,1
152,18498,Turkish,Turkey,27765,,,32,20,4,8,6,2,4,8,2,4,0,8,12,4,16,24,6,8,4,2,4,2,4,24,2,2,2,24,8,6,12,6,2,24,4,10,12,6,6,4,4,288,32,6,4,6,2,2,4,2,2,4,28737,16448,24640,32831,64,32959,24641,53313,,1
2,47170,Olo,Wape,28456,,,32,4,8,12,8,4,8,16,4,2,0,8,24,32,0,12,8,24,24,2,8,8,6,12,20,6,6,8,16,4,8,2,4,4,16,12,6,12,6,2,4,96,32,8,2,2,4,2,2,2,4,2,41025,16448,32832,8256,49215,32959,4162,63553,,1
45,56386,Chuckchee,Chaunsky Chuckchi,13850,,,32,20,2,20,8,16,8,16,2,2,0,8,8,16,0,8,4,16,4,4,4,4,16,8,16,8,8,16,16,4,4,4,4,4,8,2,4,2,4,2,4,264,32,8,8,4,4,2,2,2,4,2,8258,49216,32832,32831,63,32959,43073,32959,,1
108,3651,Bengali,Bengal,12046,,,0,6,4,8,2,2,16,8,2,2,2,8,8,4,0,8,2,16,2,2,4,4,4,8,4,2,0,0,0,0,0,2,4,8,16,8,4,4,8,2,4,32,2,8,8,2,2,2,2,2,4,2,38977,64,16448,63,32831,49215,28737,32959,,1
124,60994,Khanty,Khanty,18431,,,16,16,4,28,8,4,16,8,2,2,2,8,8,16,0,8,2,8,2,4,4,4,8,16,16,4,4,8,4,4,8,0,4,8,4,8,4,4,4,8,4,8,40,4,8,4,20,2,4,2,4,4,41025,64,24640,32831,49215,63,47169,32959,,1
101,1347,Khasi,Khasi,30102,,,32,6,4,12,2,4,16,8,2,2,0,8,8,4,0,16,4,8,8,2,2,2,8,8,2,2,2,4,4,8,16,2,2,8,8,8,4,2,4,2,4,32,8,4,2,2,2,2,4,2,2,4,51265,64,16448,32831,49215,32959,24641,32959,,1
94,41025,Malay,Malay,20571,,,32,4,4,20,2,2,32,16,2,2,4,8,8,16,2,16,8,8,8,2,4,4,16,16,4,2,2,4,8,12,16,2,2,24,24,16,12,16,8,12,4,8,32,8,10,6,4,2,6,4,2,4,28737,32831,32832,32831,63,64,57409,65,,1
107,11330,Pushtu,Pashtun,23497,,,32,22,6,24,2,16,64,16,2,4,2,8,6,16,2,16,2,4,8,2,2,2,16,8,2,2,2,4,8,2,10,4,2,32,4,4,6,6,2,8,4,2,32,4,2,2,2,0,0,0,0,0,23618,64,32832,32831,8256,63,51265,4161,,1
187,24641,Swazi,Swazi,19023,,,32,20,4,12,16,2,2,16,8,2,4,12,8,16,32,4,8,8,4,4,2,4,2,2,32,8,32,48,48,18,8,4,2,12,8,2,40,16,12,12,4,4,16,12,2,4,4,4,6,2,4,2,20545,32832,32832,16448,32831,64,57409,5186,,1
143,63553,Finnish,Finnish,15313,,,32,16,4,0,2,4,8,8,4,2,4,12,4,16,0,16,4,8,4,2,2,2,12,24,4,2,2,24,24,2,8,2,4,8,4,4,8,24,4,4,4,256,32,2,8,2,2,6,2,2,4,4,41025,16448,16448,64,32831,8256,47169,59457,,1
98,49216,Khmer,Khmer,13124,,,8,2,12,8,2,0,0,0,32,32,512,2,8,0,0,4,0,8,8,6,2,2,4,48,4,4,4,24,24,2,4,0,0,48,16,0,24,16,24,8,6,16,32,4,2,2,2,2,4,6,6,4,0,0,0,0,0,0,0,0,,1
20,57410,Cuiba,Cuiva,14213,,,8,40,8,16,2,32,16,2,2,2,0,2,4,32,8,48,2,40,2,2,8,8,16,16,2,2,4,16,16,4,2,2,6,36,32,18,8,16,4,4,8,8,40,10,12,6,6,2,2,2,4,2,55362,4161,49215,63,32831,32959,9282,34881,,1
43,64066,Netsilik,Netsilik,17234,,,32,16,4,16,2,0,0,4,2,2,0,4,2,0,0,16,2,2,2,2,4,8,32,32,2,4,8,8,4,4,4,2,4,32,8,4,4,16,4,2,8,8,32,4,8,2,2,2,2,2,4,2,32959,32959,8256,32831,49215,32959,32959,32959,,1
81,52802,Basim,Coastal Asmat,10962,,,32,20,4,16,2,4,16,4,2,2,2,4,2,4,0,16,2,4,2,2,4,4,16,16,4,4,4,4,4,16,2,2,2,16,16,16,4,8,4,2,8,32,2,72,8,2,4,2,2,4,2,2,47169,64,64,32831,63,32831,28737,32959,,1
70,323,Samoan,Samoa,24795,,,32,16,4,28,8,2,32,8,2,2,4,4,8,8,0,2,4,8,8,2,2,2,4,16,32,4,16,8,8,8,8,6,2,8,4,4,16,8,4,4,8,8,8,8,16,8,4,2,4,2,4,4,20545,32831,24640,49215,63,64,41025,32959,,1
82,24642,Dani,Dani,14378,,,32,2,2,24,2,8,128,32,2,4,0,6,12,4,8,20,12,4,6,2,4,12,24,24,24,4,10,12,4,12,8,2,4,16,16,24,6,24,4,4,8,264,72,24,8,2,6,2,6,4,2,4,3138,0,41024,49215,64,32959,24641,34881,,1
38,8389444,Konkow,Konkow,18877,,,2,0,0,0,0,0,0,16,8,2,4,8,0,0,0,0,0,0,0,0,0,2,0,32,2,2,2,8,0,4,0,6,4,16,8,4,2,16,2,8,8,8,2,2,2,2,2,2,2,2,4,2,32959,32959,32832,24640,32831,64,32959,32959,,1
99,55362,Burmese,Burmese,12849,,,16,22,8,4,8,8,16,64,4,2,2,8,8,16,8,16,4,32,8,2,2,2,8,8,16,4,8,8,16,16,8,2,4,16,32,8,16,16,16,2,8,64,4,4,4,2,2,2,2,2,4,2,3138,16448,57408,8256,49215,63,47169,34881,,1
54,2371,Evenki,Evenki,27666,,,32,24,2,16,8,8,16,8,2,2,2,8,4,8,0,8,2,8,4,2,0,0,16,16,16,4,4,8,4,8,2,2,4,8,4,2,4,2,2,8,8,8,32,2,8,4,4,2,4,2,4,2,5186,16448,16448,63,32831,49215,41025,32959,,1
57,1090,Mandarin,Lower Yangtze,13668,,,32,20,12,28,8,4,16,16,2,8,2,8,4,32,8,4,12,24,12,2,4,4,4,4,16,6,6,16,16,8,20,2,4,40,24,24,32,48,8,8,8,260,32,12,8,4,2,2,6,4,4,6,45121,64,32832,63,24640,32831,63553,41025,,1
83,38977,Pidgin (New Guinea),Toaripi,27204,,,32,4,4,12,4,8,8,32,4,2,8,4,24,16,0,24,8,16,8,2,8,4,4,8,16,2,6,24,48,16,24,2,2,16,12,8,12,48,12,10,12,64,4,8,8,12,8,6,2,6,2,4,5186,41024,41024,64,63,16448,51265,61505,,1
33,34370,Ojibwa,Ojibwe,13718,,,16,4,2,24,2,4,32,32,4,2,8,4,6,4,2,16,2,24,4,2,4,8,8,16,4,4,4,8,8,4,4,4,4,24,12,12,6,24,2,8,12,280,2,4,4,4,2,2,2,2,2,4,55361,64,41024,64,32831,16448,16449,4161,,1
122,49218,Latvian,Latvian,19724,,,32,2,16,8,8,8,64,32,8,4,2,4,24,4,0,24,6,4,4,6,2,4,2,6,52,4,2,4,4,8,24,4,4,24,16,12,2,8,2,2,12,272,2,2,8,4,2,0,0,0,0,0,61505,32831,41024,16448,64,49215,12353,16449,,1
68,45122,Chamorro,Chamorro,13454,,,16,18,4,16,2,2,128,2,2,2,2,4,2,4,0,20,2,4,2,2,4,6,16,32,4,2,2,12,8,2,2,2,0,12,0,16,4,16,4,4,12,8,36,18,4,2,4,2,2,4,2,4,16449,0,49215,49215,32831,63,12353,36929,,1
103,46146,Mongolian,Monguor,21649,,,8,4,6,28,2,2,4,16,2,4,8,8,8,16,8,22,4,8,2,2,4,4,8,24,20,2,4,4,4,4,8,2,4,8,8,12,4,12,6,2,12,288,40,12,0,6,4,6,6,2,4,4,32833,32832,32832,49215,64,16448,41025,1090,,1
69,45634,Palauan,Palau,23354,,,16,18,8,28,8,2,32,32,2,4,8,8,4,4,16,12,2,8,8,12,4,2,4,12,18,4,6,24,24,4,8,2,4,12,16,8,4,24,6,12,12,64,34,2,2,2,2,2,4,2,2,4,32833,32831,41024,49215,64,16448,28737,45121,,1
64,14402,Ilocano,Ilocano,17150,,,32,2,4,24,2,4,64,16,2,8,2,0,2,2,0,16,2,4,2,2,4,6,24,24,4,6,4,12,4,2,12,2,2,24,16,48,4,48,6,6,16,8,2,6,6,2,2,0,0,0,0,0,49217,32831,36928,64,16448,32831,8257,4161,,1
56,12584260,Evenki,Evenki,27666,,,2,0,0,0,0,0,0,16,4,2,0,2,0,0,0,0,0,0,0,2,0,0,0,8,6,2,2,8,0,2,0,4,4,2,2,2,6,16,8,8,16,24,2,2,8,4,6,0,0,0,0,0,0,0,0,0,0,0,0,0,,1
125,8388676,Khanty,Khanty,18431,,,2,0,0,0,0,0,0,16,4,8,0,2,0,0,0,0,0,0,0,0,0,0,0,8,2,2,2,4,0,2,0,4,4,4,4,18,4,16,2,12,16,16,2,18,12,6,2,4,2,2,6,2,32959,32959,36928,64,16448,32959,32959,32959,,1
126,8453955,Nenets,Nenet,24806,,,2,0,0,0,0,0,0,4,4,2,2,2,0,0,0,0,0,0,0,0,0,6,0,24,2,2,2,10,0,2,0,2,4,4,12,4,2,24,6,12,16,24,2,2,4,4,2,2,4,2,2,4,32959,32959,8256,8256,32831,63,32959,32959,,1
8,32832,Portuguese,Brazil Unspecified,62529,,,8,2,8,8,2,32,64,4,2,4,2,2,12,2,4,8,2,8,4,2,2,2,4,32,2,2,2,12,8,2,12,0,2,16,16,0,2,6,20,8,16,8,32,4,10,6,2,2,4,2,4,0,30786,32831,8256,63,64,49215,32831,16449,,1
3,8388932,Lak,Mara,19603,,,2,0,0,0,0,0,0,8,4,2,0,4,0,0,0,0,0,0,0,2,0,0,0,24,2,2,2,6,0,0,0,2,4,8,6,6,2,16,2,0,16,8,2,2,0,4,2,0,0,0,0,0,32959,32959,24640,64,49215,32959,32959,32959,,1
37,12583748,Achumawi,Achomawi,10110,,,2,0,0,0,0,0,0,8,8,2,4,4,0,0,0,0,0,0,0,0,0,0,0,32,2,2,2,8,0,2,0,4,4,16,12,4,2,16,6,8,16,6,2,2,2,2,2,2,2,2,6,4,32959,32959,24640,16448,32831,64,32959,32959,,1
76,8389188,Pentecost Island (Sa?),Bunlap,12816,,,2,0,0,0,0,0,0,4,2,2,0,4,0,0,0,0,0,0,0,2,0,4,32,32,2,2,2,10,0,6,0,2,2,2,40,4,2,16,2,6,16,40,34,2,4,6,2,2,2,2,2,4,32959,32959,8256,49215,63,32959,32959,32959,,1
84,8452675,Toaripi,Toaripi,27204,,,2,0,0,0,0,0,0,32,2,8,2,4,0,0,0,0,0,0,0,0,0,8,0,16,4,2,2,6,0,4,0,0,6,16,48,8,6,24,4,12,16,32,2,2,8,6,6,2,2,2,2,4,32959,32959,41024,49215,16448,63,32959,32959,,1
170,64835,Fulani,Tukulor,27622,,,2,0,0,0,0,0,0,4,2,4,2,4,0,0,0,0,0,0,0,0,0,2,0,16,6,2,2,10,0,2,0,4,4,48,12,24,4,16,6,2,16,12,2,18,4,4,6,2,4,2,4,4,32959,32959,8256,32831,8256,63,32959,32959,,1
42,52290,Algonquin,Algonquin,10341,,,8,6,2,16,2,0,0,8,2,2,4,4,4,8,0,8,0,8,2,2,4,0,8,16,4,4,2,4,8,2,2,2,4,16,8,8,4,4,2,2,16,8,4,2,8,4,4,2,4,2,2,2,32959,32959,16448,49215,41024,64,36929,32959,,1
78,65090,Tauu and Nukumanu,Nukumanu,22881,,,32,16,2,16,2,0,0,4,2,0,0,4,2,0,0,16,2,8,2,2,0,4,16,0,2,2,2,2,4,4,2,4,2,16,4,16,2,16,2,2,16,32,2,4,8,2,2,0,0,0,0,0,32959,32959,8256,32831,32959,32959,32959,32959,,1
114,41026,Tamil,Tamil People,30099,,,32,16,2,24,2,0,0,4,2,2,4,4,2,16,0,16,2,4,2,2,4,2,24,48,2,2,2,4,12,6,10,2,2,4,12,12,6,12,2,10,16,32,2,2,2,2,2,2,2,2,2,4,32959,32959,64,63,49215,64,53313,43073,,1
110,44098,Konkani,Konkani,30127,,,8,20,6,8,6,8,2,8,4,2,2,4,6,32,0,16,2,32,4,2,4,2,12,4,2,2,2,10,24,20,12,2,2,6,4,12,2,24,2,6,16,32,4,8,2,2,2,2,2,2,2,4,1090,20545,24640,64,32831,49215,66,51265,,1
115,43074,Tulu,Tulu,62538,,,16,4,8,8,2,2,2,8,2,2,4,4,8,16,32,16,6,20,16,2,4,2,8,4,2,2,2,6,8,12,16,2,2,12,4,8,20,8,4,8,16,32,6,2,12,2,2,2,6,6,6,6,28737,41024,16448,49215,32831,64,47169,4162,,1
151,49730,English,Ghegs,10297,,,16,20,4,12,8,4,4,8,4,2,2,4,24,16,0,8,4,24,12,2,4,4,4,4,16,2,6,8,24,12,16,4,2,8,8,12,6,12,2,8,16,256,6,6,8,4,2,2,6,2,6,4,45121,41024,16448,64,49215,32831,59457,49217,,1
71,59970,Hawaiian,Native Hawai'i,16611,,,32,20,4,12,8,4,4,0,2,2,0,4,8,16,8,8,4,8,2,8,4,4,2,4,16,4,16,8,16,8,8,2,2,16,16,8,8,32,4,8,16,16,2,4,16,8,8,2,2,2,2,2,41025,32832,32959,49215,32831,32959,57409,38977,,1
14,28738,Aymara,Aymara,11133,,,32,54,4,28,2,8,4,16,4,2,0,4,4,16,0,16,2,24,8,2,8,4,24,8,2,2,2,20,20,2,12,2,4,56,16,6,6,16,4,2,16,8,4,4,2,2,2,2,6,2,6,4,61505,49216,32832,64,32831,32959,61505,45121,,1
30,57922,Cuna,Guna,14235,,,16,20,4,12,4,4,8,4,2,2,2,4,16,8,32,16,4,16,4,4,8,8,4,4,16,2,2,4,16,8,16,0,2,32,8,16,4,4,8,2,16,16,4,8,8,4,4,2,2,2,4,2,59457,41024,8256,32831,49215,63,41025,1090,,1
87,30786,Gugu-Yalangi,Kuku Yalanji,62534,,,8,10,4,16,2,4,16,4,2,2,0,4,2,8,0,32,2,8,6,2,4,4,32,32,2,2,2,6,4,8,6,2,4,48,24,32,2,10,4,2,16,32,6,16,2,2,2,2,2,2,2,4,49217,16448,49215,63,32831,32959,34881,36929,,1
144,53314,Basque,Spanish Basques,11804,,,16,4,8,12,8,8,32,8,2,2,2,4,8,16,0,8,2,8,16,8,8,4,4,8,16,4,8,32,16,4,8,4,4,16,16,4,16,4,4,4,16,64,16,4,8,4,4,2,4,2,2,4,66,64,24640,32831,63,49215,43073,32959,,1
28,11587,Spanish,Havana Folk,14191,,,32,16,4,8,2,2,128,8,2,2,2,4,2,32,0,16,2,8,2,2,4,4,4,8,16,4,16,4,8,16,8,2,2,16,16,32,16,32,8,2,16,288,2,4,8,4,2,2,4,2,2,4,41024,0,24640,32831,49215,63,5186,32959,,1
79,29762,Rossel,Rossel Island,50270,,,32,18,12,24,2,2,128,4,2,2,4,4,2,8,16,48,2,24,2,2,8,10,16,32,2,2,2,12,4,6,8,2,2,40,16,16,2,20,6,4,16,8,4,12,6,2,2,2,2,2,6,6,20545,0,8256,63,32831,64,38977,49217,,1
111,44610,Hindi,Rajasthan,24157,,,8,2,4,8,2,8,128,32,4,2,4,6,6,2,0,16,2,6,2,2,2,6,12,4,2,2,2,2,2,6,6,2,2,12,4,16,6,24,12,10,16,96,2,6,2,2,2,2,2,2,2,4,6210,0,41024,64,32831,8256,16448,41024,,1
102,32834,Sherpa,Sherpa,25378,,,32,16,4,16,2,4,128,4,2,2,0,6,2,2,4,16,2,2,2,2,2,2,32,48,2,2,2,6,6,2,6,6,2,4,4,8,2,16,6,8,16,296,6,2,10,2,2,2,4,2,2,4,41025,0,8256,63,49215,32831,57408,16449,,1
153,17474,Arabic (Egypt),Fellahin,15291,,,8,2,4,4,2,32,128,256,8,2,4,8,8,4,16,48,2,6,2,2,6,2,4,8,4,2,6,6,6,18,48,4,6,48,24,16,24,12,12,4,16,64,2,8,8,4,2,2,2,4,6,4,0,0,0,0,0,0,0,0,,1
4,3138,Spanish,Havana Folk,14191,Mexico City,62498,32,20,4,12,8,8,4,8,2,4,2,8,8,16,32,16,8,8,8,6,2,2,2,2,16,2,6,8,12,24,48,2,2,8,4,12,2,4,4,8,16,64,4,10,8,6,2,2,2,4,2,4,4162,65,24640,32831,64,63,49217,3138,,1
90,2115,Toradja,Toraja,27393,,,32,16,4,12,8,2,16,8,4,2,8,8,8,8,0,4,4,8,4,4,4,4,4,4,16,4,4,16,16,4,4,2,2,8,32,8,32,16,16,4,16,16,32,2,8,4,4,2,2,4,2,2,8257,32831,24640,64,49215,16448,38977,32959,,1
137,10051,English,U.S. General,62475,,,8,2,8,24,2,32,32,8,2,2,2,8,4,2,0,16,2,4,2,2,2,2,8,8,4,2,2,2,4,8,4,2,2,16,16,8,4,4,8,8,16,8,2,20,8,2,2,2,2,4,2,2,33346,32832,16448,32831,63,49215,41024,8257,I,1
131,8515,English,New York Unspecified,62539,,,8,2,8,24,2,32,32,16,2,4,2,8,4,2,0,16,2,4,2,2,2,2,4,8,16,2,2,2,4,8,4,2,2,8,8,16,4,16,16,8,16,8,2,4,8,4,2,2,2,4,2,2,1859,57408,36928,32831,64,49215,57408,57408,,1
134,9283,English,U.S. General,62475,,,16,2,16,24,2,8,32,8,2,2,2,8,4,8,4,8,2,8,2,2,2,2,8,8,2,2,4,8,8,4,4,2,2,12,16,8,4,8,8,8,16,8,4,2,8,6,2,2,2,2,2,2,61505,64,16448,63,32831,49215,38977,12353,I,1
130,8259,English,New York Unspecified,62539,,,16,2,4,24,2,32,64,32,2,2,4,8,4,2,0,8,2,4,2,2,2,2,8,8,16,2,2,8,8,4,2,2,4,8,4,8,4,8,8,8,16,8,32,2,8,4,2,2,2,2,2,2,34882,64,45120,32831,49215,64,32832,8257,,1
132,8771,English,New York Unspecified,62539,,,32,2,4,16,4,32,64,16,2,4,2,8,2,4,2,16,2,4,2,2,2,2,16,16,16,4,8,4,4,8,4,2,2,8,8,16,8,8,8,8,16,8,2,2,8,4,2,2,2,4,2,2,48706,32832,36928,32831,64,63,12353,57408,,1
128,7747,English,Appalachia,18349,,,16,2,4,8,2,16,128,16,2,2,4,8,4,2,0,8,2,4,2,2,2,2,4,8,2,2,2,8,4,4,8,2,4,16,16,8,8,8,8,8,16,264,8,2,8,2,2,2,2,2,4,2,20546,0,32832,32831,49215,8256,0,32833,,1
127,7491,English,Appalachia,18349,,,16,16,4,16,2,2,128,16,2,2,4,8,2,8,2,8,2,4,2,2,2,2,16,16,2,2,8,16,4,8,4,2,2,20,48,24,8,4,4,8,16,8,12,2,8,4,2,2,4,2,6,2,28737,0,32832,32831,49215,8256,32833,8257,,1
184,1859,Tonga,Tonga (Malawi),27017,,,32,2,2,16,2,16,128,8,2,4,2,8,2,2,0,8,2,2,2,2,2,4,16,16,4,2,2,4,2,2,2,2,2,16,8,4,8,8,4,8,16,264,8,4,8,4,4,0,0,0,0,0,18498,0,16448,32831,64,49215,16448,32959,,1
105,1603,Tatar,Volga Tatars,26654,,,32,4,8,12,8,4,128,8,2,2,2,8,16,8,16,8,8,8,4,6,4,4,2,16,20,6,8,8,8,8,16,2,4,24,20,20,10,8,2,0,16,264,12,12,10,6,6,2,6,2,2,4,41025,0,24640,32831,49215,63,36929,61505,,1
150,4162,Yugoslav (Serbo-Croatian?),Serbia,30112,,,16,18,8,24,2,0,0,64,4,128,0,12,4,2,4,24,2,8,4,2,6,2,12,8,4,6,2,24,8,2,8,4,2,24,12,4,2,12,6,8,16,4,32,2,8,2,2,6,2,2,4,4,32959,32959,49216,8256,57408,32959,12353,20545,,1
141,41538,English,Appalachia,18349,,,16,2,4,24,2,16,128,8,2,4,8,12,6,4,2,8,2,4,6,2,2,2,8,24,4,6,2,4,12,2,6,2,2,24,16,20,12,4,4,8,16,8,2,6,2,2,2,2,6,2,6,2,13378,0,16448,49215,8256,16448,16449,32832,,1
123,50242,Mari,Mari,13520,,,32,20,4,8,2,2,16,16,4,2,0,4,2,8,0,24,2,8,8,2,6,2,2,6,16,2,2,24,16,10,12,2,0,8,4,12,8,12,6,8,18,64,12,6,8,12,4,2,6,2,4,4,16449,32831,32832,64,32831,32959,32833,36929,,1
173,8453187,Bombara,Bambara,11529,,,2,0,0,0,0,0,0,2,2,2,2,2,0,0,0,0,0,0,0,0,0,4,0,48,4,2,2,10,0,6,0,4,2,20,32,8,2,4,2,6,20,12,2,2,4,4,6,2,2,2,4,4,32959,32959,49215,32831,49215,63,32959,32959,,1
178,68,Kalabari (Ijaw),Ijaw,17117,,,2,0,0,0,0,0,0,4,2,0,0,2,0,0,0,0,0,0,0,2,0,4,0,32,2,2,2,10,0,2,0,4,4,48,32,6,4,24,6,12,20,4,16,6,2,4,2,2,4,2,2,4,32959,32959,64,32831,32959,32959,32959,32959,,1
16,39490,Djuka,Ndyuka,14642,,,48,8,4,2,2,0,0,4,2,2,4,2,2,32,0,48,2,32,2,2,8,8,2,2,2,2,2,4,48,4,2,2,2,12,20,16,16,8,16,4,20,8,6,20,6,6,2,2,2,4,6,2,32959,32959,8256,63,49215,64,18498,19522,,1
166,1348,Madi,Madi,20373,,,2,0,0,0,0,0,0,4,4,2,0,4,0,0,0,0,0,0,0,0,0,4,0,8,2,2,2,6,0,6,0,4,2,12,48,12,16,48,2,2,20,8,2,2,4,4,2,2,2,2,2,4,32959,32959,8256,64,32831,32959,32959,32959,,1
168,32831,Sara,Sara Ngambay,62543,,,32,2,2,28,8,8,128,128,8,4,2,8,4,16,2,12,0,8,4,4,2,2,12,8,16,2,2,8,16,4,4,4,0,24,16,0,8,6,48,8,20,4,20,8,8,4,2,6,2,4,4,6,3138,0,4161,16448,64,63,61505,4161,,1
10,64579,Ewe,Ewe,30163,,,2,0,0,0,0,0,0,4,4,2,2,6,0,0,0,0,0,0,0,0,0,12,0,16,2,2,2,4,0,2,0,4,2,40,16,12,12,16,24,8,24,4,18,2,8,2,2,2,2,4,2,4,0,0,0,0,0,0,0,0,,1
85,25666,Burera,Burarra,62533,,,48,56,4,28,2,32,64,16,2,2,0,8,4,32,16,32,4,16,12,2,8,8,16,24,4,4,12,12,24,12,8,2,4,32,40,16,32,8,32,6,24,32,8,12,2,2,2,2,2,4,2,4,57408,16448,32832,63,49215,32959,6210,45121,,1
161,59458,Hamar,Hamar,16479,,,16,36,4,16,8,0,0,4,2,2,2,0,2,32,16,16,2,16,2,4,8,8,16,16,0,2,2,8,8,8,2,2,0,16,0,16,16,4,8,0,32,64,8,8,4,4,2,2,2,2,4,2,32959,32959,64,63,49215,32831,15426,45121,,1
74,54338,Bunlap (Sa?),Bunlap,12816,,,32,48,4,24,2,0,0,16,2,2,4,0,8,16,0,16,2,4,2,2,8,8,8,8,2,2,4,4,8,16,8,2,2,16,16,8,2,8,8,4,32,32,4,8,2,4,2,2,2,2,2,4,32959,32959,32832,49215,63,64,61505,32959,,1
58,5699,Mandarin,C Chinese Village,62309,,,0,6,0,12,2,4,8,16,2,2,2,0,4,16,4,32,2,8,8,2,4,4,8,8,16,2,0,0,0,0,0,2,4,16,8,8,16,32,8,2,32,64,4,4,4,4,2,2,2,4,4,2,49217,32832,32832,49215,63,32831,45121,38977,,1
19,8390468,Makiritare,So’to,29030,,,2,0,0,0,0,0,0,0,4,2,2,2,0,0,0,0,0,0,0,0,0,8,0,8,2,2,2,0,0,24,0,2,4,16,48,16,2,12,2,4,32,-128,2,10,2,2,2,2,2,2,4,4,32959,32959,32959,64,49215,32831,32959,32959,,1
89,64067,Gal,Gal,62535,,,2,0,0,0,0,0,0,4,2,2,2,2,0,0,0,0,0,0,0,0,0,8,0,32,4,2,10,12,0,8,0,4,2,24,16,24,2,16,4,4,32,8,6,24,2,4,2,2,4,2,2,4,32959,32959,64,32831,63,49215,32959,32959,,1
171,57408,Djerma,Zarma,14620,,,4,2,2,8,2,0,0,32,16,4,2,2,2,2,0,2,2,4,4,2,4,8,2,4,4,4,2,8,16,2,2,4,2,16,16,0,8,8,4,4,32,256,16,16,4,4,2,2,4,2,4,4,32959,32959,41024,32832,64,32831,32831,16448,,1
159,47682,Hamar,Hamar,16479,,,8,10,6,18,2,0,0,4,2,2,4,2,2,4,32,24,2,32,12,6,8,8,32,32,2,2,2,10,8,4,2,6,2,8,12,4,6,24,4,4,32,32,2,48,4,8,2,2,2,2,6,4,32959,32959,8256,32831,63,64,11330,66,,1
17,27714,Wayana,Wayana,23288,,,32,8,2,24,2,0,0,4,2,2,0,2,2,32,0,48,2,32,4,2,8,10,16,6,2,2,2,6,32,2,10,2,4,48,48,24,8,24,32,2,32,8,12,12,6,2,2,2,2,4,2,2,32959,32959,64,63,32831,32959,17474,32959,,1
156,8257,Somali,Somalis,25818,,,8,2,4,8,2,32,32,128,16,4,0,2,16,2,0,32,4,4,2,2,2,2,2,4,2,2,6,4,2,12,32,4,6,48,16,0,2,12,2,8,32,64,4,16,10,10,2,6,6,2,2,4,28738,16448,65,32832,64,32959,57408,32959,,1
66,37442,Casiguran,Casiguran,13256,,,32,2,2,24,2,2,128,8,2,4,8,2,4,4,0,48,2,6,2,2,2,2,16,48,4,2,2,2,2,16,8,2,6,12,12,48,2,48,6,6,32,32,6,56,10,4,4,2,2,2,2,4,8257,0,16448,32831,0,16448,20545,32959,,1
12,4196164,Kayapo,Mebêngôkre,22045,,,2,0,0,0,0,0,0,8,4,2,8,4,0,0,0,0,0,0,0,0,0,8,0,24,16,0,10,8,0,12,0,2,2,24,16,12,16,12,32,0,32,8,2,12,0,12,6,2,2,4,2,6,32959,32959,16448,64,32831,16448,32959,32959,,1
146,4163,Greek,Greek Cypriots,62465,,,16,20,8,8,8,0,0,0,2,4,0,4,8,16,0,8,2,8,4,2,4,4,8,16,16,4,4,8,8,4,4,2,2,16,8,8,16,4,16,8,32,264,4,4,8,4,2,2,4,4,2,2,32959,32959,32959,63,64,32959,45121,32959,,1
112,43586,Malayalam,Kerala,18371,,,48,20,8,24,2,0,0,16,4,2,0,4,12,32,0,32,6,8,20,2,4,2,4,4,2,2,2,6,12,16,48,2,2,2,4,32,16,8,4,8,32,32,2,10,4,2,2,2,4,2,2,4,32959,32959,36928,64,32831,32959,5186,32959,,1
119,6210,German,Austria,27831,Rhine-Westphalia,15841,16,4,4,12,8,32,2,64,32,16,8,4,16,32,0,16,8,48,32,2,4,4,2,2,16,2,12,16,48,20,16,2,4,12,2,4,8,4,6,4,32,64,32,4,8,12,4,0,0,0,0,0,43586,53313,49216,41024,32832,16448,3138,15426,,1
164,62530,Lotuko,Lotuko,20054,,,16,20,2,8,2,16,2,8,2,2,0,4,4,8,0,0,2,16,2,2,8,8,4,16,2,2,2,2,8,8,8,4,2,8,8,8,2,8,4,4,32,64,2,16,8,2,2,2,2,2,2,2,11330,51265,16448,32831,63,32959,36929,36929,,1
13,38466,Mamainde,Nambiquara,22144,,,32,12,12,28,2,2,2,8,4,2,0,4,6,32,0,20,2,16,12,2,2,4,6,4,2,2,2,6,24,24,24,0,0,4,4,4,16,0,32,4,32,40,6,24,4,4,2,2,2,2,2,4,34881,41024,16448,64,32831,32959,5186,32959,,1
40,35394,Carrier,Dakelh,13234,,,0,2,2,24,2,8,8,4,2,4,0,4,6,8,4,16,2,8,6,2,4,4,8,48,4,4,12,12,8,6,4,2,4,32,0,48,6,8,4,8,32,10,2,24,8,6,2,2,2,4,4,2,61505,32832,8256,32831,64,32959,34881,24641,,1
88,36929,Molucca,Ambonese,10462,,,16,4,8,12,2,2,8,64,2,16,0,4,4,0,0,4,4,48,8,4,8,8,4,4,4,2,2,24,48,4,8,6,4,48,48,0,24,16,24,8,32,264,10,16,8,4,24,2,2,4,6,0,46146,28737,57408,63,16448,41024,32959,32959,,1
7,11331,Spanish,Jibaro/ Boriqua,23970,,,16,16,4,24,8,2,8,16,2,2,0,4,8,8,16,16,2,8,2,2,4,4,4,8,2,2,2,4,4,8,8,2,2,16,16,16,8,4,4,4,32,40,2,8,4,2,2,2,2,2,2,2,24641,64,36928,49215,32831,32959,38977,61505,,1
5,10819,Spanish,Jibaro/ Boriqua,23970,,,16,24,4,8,8,2,8,64,2,4,2,4,4,16,0,16,2,4,2,2,4,4,4,8,16,4,8,4,4,8,4,2,2,8,16,16,16,8,8,8,32,40,2,8,4,4,4,2,4,4,2,2,24641,64,49216,49215,64,32831,45121,32959,,1
21,3395,English,Andros,10605,,,16,24,8,12,8,2,8,32,4,2,2,4,4,4,8,20,4,4,4,4,8,4,2,4,20,4,4,16,16,4,4,4,2,4,8,2,32,16,32,4,32,4,24,8,16,8,8,2,4,4,2,2,28737,64,41024,64,32831,63,16449,41025,,1
9,63554,Navajo,Diné (Navaho),22243,,,16,22,4,24,2,16,8,16,2,2,2,4,8,4,0,16,2,8,2,2,8,8,16,16,4,2,2,2,4,2,8,2,4,16,16,16,4,16,4,4,32,4,2,8,2,2,2,2,2,2,4,2,13378,65,32832,49215,63,32831,28737,32959,,1
92,61506,Komodo,Komodo,62536,,,32,16,4,24,2,2,8,8,2,4,2,4,2,16,0,8,2,4,2,2,4,4,8,8,2,4,8,4,8,16,4,2,2,4,16,16,2,16,4,2,32,32,2,4,2,2,2,2,2,2,2,2,49216,32831,24640,49215,64,32831,45121,51265,,1
91,835,Savu,Savu,25048,,,32,16,4,16,2,2,8,16,2,4,2,4,2,8,0,16,2,4,2,2,4,8,16,8,2,2,4,2,4,32,4,2,2,16,16,32,2,16,2,0,32,64,2,32,2,2,2,2,2,2,2,2,16449,64,36928,49215,64,32831,32833,32959,,1
44,35906,Kuuvanmiutun,Yu'pik,10286,,,8,6,2,24,2,4,16,8,2,4,0,4,12,8,16,16,2,8,2,2,4,6,16,16,2,2,6,10,12,6,8,2,4,48,10,24,2,8,6,12,32,8,6,12,4,4,4,2,4,2,2,4,51265,64,16448,63,64,32959,41025,47169,,1
59,5955,English,Chinese Immigrant,62545,,,0,2,0,28,2,2,32,8,2,2,2,4,4,8,0,16,0,8,2,0,0,0,8,16,4,0,0,0,0,0,0,2,4,16,8,8,16,32,16,2,32,8,4,4,8,4,2,2,2,4,4,2,36929,32831,16448,63,49215,32831,36929,32959,,1
60,6211,Mandarin,C Chinese Village,62309,,,0,16,4,28,8,16,32,64,2,2,2,4,2,8,0,32,2,4,2,2,4,4,8,8,16,4,0,0,0,0,0,2,6,16,16,8,16,32,8,2,32,16,8,8,8,4,2,2,4,2,4,4,16450,16448,49216,49215,32831,63,38977,32959,,1
41,1091,Slave,Sahtu Dene,25730,,,8,34,2,16,4,32,64,16,2,2,4,4,4,4,2,16,2,8,4,2,4,4,16,16,2,2,2,4,4,8,4,2,4,32,32,32,8,4,8,8,32,8,8,8,8,2,2,2,2,2,4,2,10819,16448,32832,49215,32831,8256,20545,0,,1
73,42562,Big Nambas,Big Nambas,12200,,,16,2,4,24,2,4,64,8,2,2,4,4,2,2,8,24,2,8,6,2,4,12,16,16,2,2,2,2,4,2,4,2,6,24,12,16,4,12,6,8,32,32,6,6,8,2,2,2,2,2,4,2,49217,32831,24640,32831,63,64,8257,34881,,1
80,37954,Muhiang Arapesh,Arapesh,10803,,,32,2,4,28,2,4,64,8,2,4,8,4,8,4,0,32,4,6,2,2,2,4,4,4,8,2,2,2,2,32,32,2,2,32,16,32,2,8,2,6,32,-64,4,96,14,4,4,2,2,2,2,4,55361,32831,24640,32831,64,16448,36929,20545,,1
6,11075,Spanish,Jibaro/ Boriqua,23970,,,32,8,4,8,8,2,128,16,2,2,0,4,16,16,0,16,4,4,2,2,4,4,4,8,16,4,4,4,4,8,8,2,2,8,16,8,16,16,4,8,32,32,2,8,4,4,4,4,4,2,2,2,0,0,0,0,0,0,0,0,,1
155,64,Arabic (Chad),Shuwa,10772,,,32,2,2,8,20,4,128,16,4,16,2,4,12,2,16,12,0,4,4,2,2,2,4,16,16,2,2,4,24,4,12,4,2,16,24,0,4,6,16,12,32,12,36,4,8,4,4,2,6,4,4,4,49217,0,32832,8256,32832,63,3138,32959,,1
18,40002,Ignaciono,Mojeño-Ignacianos,62531,,,4,2,6,24,2,0,0,8,4,2,2,6,2,8,0,24,4,8,4,2,8,12,16,48,2,4,12,8,8,4,2,2,2,8,12,24,16,8,24,4,32,8,34,2,4,6,2,2,2,4,6,4,32959,32959,16448,64,32831,63,36929,34881,,1
61,6467,Mandarin,C Chinese Village,62309,,,0,16,8,12,8,0,0,64,4,2,8,8,8,4,0,16,4,8,2,2,4,4,4,8,16,4,0,0,0,0,0,2,4,4,48,8,16,16,4,4,32,64,8,8,8,4,4,2,2,2,4,2,32959,32959,49216,64,32831,16448,20545,32959,,1
11,4196420,Guajajára,Tenetehara,26841,,,2,0,0,0,0,0,0,128,8,4,32,8,0,0,0,0,0,0,0,0,0,8,0,24,6,0,2,8,0,12,0,6,4,48,16,12,6,16,4,12,32,24,4,8,2,6,6,2,6,2,4,4,32959,32959,65,16448,64,41024,32959,32959,,1
29,1860,Guajiro,Wayuu,15973,,,2,0,0,0,0,0,0,32,8,2,4,8,0,0,0,0,0,0,0,0,0,8,0,8,2,2,2,2,0,4,0,2,2,24,32,48,8,8,2,8,32,10,2,10,8,4,2,2,2,2,4,6,32959,32959,41024,24640,32831,64,32959,32959,,1
167,324,Bura,Bura,12827,,,2,0,0,0,0,0,0,8,4,2,0,8,0,0,0,0,0,0,0,0,0,4,0,8,4,2,2,6,0,12,0,4,2,24,12,20,2,4,6,8,32,32,2,6,8,4,4,0,0,0,0,0,32959,32959,16448,64,32831,32959,32959,32959,,1
183,8452931,Sango,Sangu,24861,,,2,0,0,0,0,0,0,2,2,4,16,8,0,0,0,0,0,0,0,0,0,4,0,24,4,2,10,24,0,6,0,4,2,8,16,2,12,16,4,8,32,12,16,4,8,6,2,2,2,6,2,4,32959,32959,41024,63,64,32832,32959,32959,,1
117,58434,Georgian,Kakheti,15797,,,16,20,8,6,8,0,0,8,2,4,0,8,16,32,0,20,4,8,8,0,8,4,2,4,16,4,16,16,16,8,16,4,4,16,4,8,4,4,4,8,32,256,4,8,8,4,2,0,0,0,0,0,32959,32959,24640,32831,64,32959,5186,32959,,1
160,58946,Hamar,Hamar,16479,,,32,32,4,12,16,0,0,4,2,2,2,8,8,32,0,16,4,16,2,4,8,8,4,4,16,2,8,8,16,16,16,2,0,16,8,8,16,4,8,8,32,64,4,8,8,8,4,2,2,2,2,2,32959,32959,8256,63,32831,49215,8258,32959,,1
100,55874,Burmese,Burmese,12849,,,32,2,4,12,8,0,0,32,2,4,2,8,2,8,0,4,2,4,8,4,2,2,4,4,32,8,16,16,16,16,8,2,0,8,32,8,16,8,4,8,32,64,8,8,8,8,4,2,2,2,2,2,32959,32959,41024,49215,64,32831,36929,32959,,1
147,4419,Greek,Greek Cypriots,62465,,,16,20,4,28,16,32,4,64,2,4,2,8,32,32,0,4,8,16,8,4,4,4,4,8,48,8,16,8,16,16,32,0,2,36,8,40,32,4,8,2,32,256,4,8,24,12,8,2,4,4,2,2,31810,16449,49216,32831,64,41024,66,16450,,1
139,16450,Swedish,Swedish,26340,,,16,20,4,12,8,8,4,32,8,4,2,8,16,32,0,24,8,12,24,4,2,2,4,4,16,2,4,20,24,8,16,2,2,12,20,8,6,8,6,8,32,320,10,4,4,4,2,2,4,2,2,4,7234,65,45120,32832,64,32831,1090,5186,,1
24,6979,English,Alabama Black,62423,,,32,20,8,4,8,2,4,8,2,4,2,8,8,16,0,8,4,16,8,2,4,4,4,4,16,4,8,8,16,4,4,0,2,8,8,4,16,4,8,8,32,256,4,8,8,4,2,4,2,2,2,2,36929,32832,24640,32831,64,63,59457,53313,:,1
163,51778,Acoli,Acoli,10099,,,32,4,8,12,8,16,4,32,2,2,4,8,16,8,16,16,4,8,32,2,8,4,4,4,16,4,8,8,16,16,16,4,6,20,16,8,16,2,8,8,32,272,4,8,8,4,2,4,2,2,4,2,9282,4161,45120,49215,63,8256,32833,47169,,1
145,2114,Greek,Athens,62541,Cephalonia,16072,32,20,8,4,8,8,4,32,2,8,2,8,4,4,32,4,4,12,24,2,2,2,2,12,16,4,12,16,8,24,16,2,6,16,12,4,2,12,6,8,32,64,64,8,8,6,2,4,6,6,2,4,7234,65,45120,49215,16448,63,24641,1090,,1
180,55361,Tiv,Tiv,27160,,,32,4,4,28,24,16,4,16,2,8,4,8,8,4,16,0,0,8,16,4,4,4,4,8,16,4,16,8,16,8,16,4,2,4,16,0,8,16,8,8,32,4,16,8,8,8,8,4,2,4,4,6,20546,24641,32832,32831,16448,64,45121,47169,,1
165,64578,Nuer,Nuer,22870,,,0,40,4,12,8,2,8,8,2,2,4,8,32,16,32,16,4,16,2,2,4,4,2,4,16,8,16,4,16,16,16,4,2,8,16,16,16,2,8,8,32,256,2,8,8,4,4,4,2,4,2,2,12353,64,24640,49215,63,64,57409,5186,,1
175,61505,Wolof,Wolof,28744,,,32,20,4,12,2,4,8,8,2,4,2,8,12,4,16,48,2,12,4,2,2,2,4,4,4,2,2,2,6,8,8,4,2,32,40,16,34,24,12,8,32,64,2,16,8,6,4,2,6,2,2,4,0,0,0,0,0,0,0,0,,1
148,4675,English,Greek Immigrant,62542,,,16,4,8,28,16,2,16,32,2,2,2,8,16,16,0,32,4,16,4,2,4,4,8,8,16,2,8,8,8,8,8,4,2,16,16,16,32,4,4,8,32,4,4,8,16,4,4,2,2,2,2,2,38977,64,41024,32831,63,49215,47169,59457,,1
149,4931,Greek,Greek Cypriots,62465,,,32,4,8,8,16,16,16,32,2,4,8,8,16,16,0,4,4,16,4,8,4,4,8,8,32,8,16,16,16,16,8,4,6,20,16,16,16,4,8,8,32,256,4,8,16,8,24,2,4,4,2,2,10306,41024,41024,32831,8256,24640,53313,32959,,1
55,63042,Nanai,Nanai,16017,,,32,20,2,20,16,8,16,16,4,8,2,8,8,4,0,20,2,4,16,8,2,4,16,4,32,4,2,4,4,16,16,4,4,8,8,4,16,8,8,8,32,256,4,8,8,8,4,2,4,2,4,2,61505,16448,32832,8256,16448,32831,16449,32959,,1
77,53826,Rennell-Bellona,Mugaba,24245,,,0,22,4,12,16,8,32,32,2,2,4,8,16,16,0,16,4,16,2,2,8,8,4,8,32,2,4,4,8,16,16,2,0,16,16,16,32,32,16,8,32,64,2,8,8,4,8,2,2,4,4,2,61505,64,41024,49215,63,8256,43073,47169,,1
129,8003,English,Appalachia,18349,,,8,2,8,16,2,16,32,16,2,2,4,8,2,2,0,8,2,4,2,2,2,2,8,16,4,4,8,8,4,4,2,2,2,8,16,8,8,4,16,8,32,16,2,4,8,2,2,2,2,4,2,2,0,0,0,0,0,0,0,0,,1
93,65,Bahasa Indonesian,South Jakarta,17557,,,8,4,8,8,2,16,32,128,32,8,2,8,12,4,16,4,6,24,12,12,4,2,4,4,20,4,10,12,16,4,12,6,6,16,24,0,48,48,32,8,32,20,104,24,6,6,20,2,4,4,2,4,8258,16448,6209,41024,16448,63,28737,51265,,1
162,12353,Dinka,Dinka,14576,,,16,2,8,4,2,32,64,128,4,8,128,8,32,4,16,32,8,4,4,2,2,6,6,12,4,6,2,4,4,16,32,6,2,8,32,32,16,12,8,8,32,64,18,16,4,4,20,4,6,2,2,4,61506,64,4161,64,16448,57408,16449,51265,,1
133,9027,English,New York Unspecified,62539,,,8,2,4,24,8,32,128,16,0,0,0,8,8,8,0,16,4,4,2,2,4,2,8,8,16,4,8,4,8,8,16,2,2,8,24,16,24,8,24,8,32,264,2,8,8,2,4,2,2,6,2,2,28738,0,32832,32959,32959,32959,38977,38977,,1
113,8258,Marathi,Marathi,62537,,,32,22,2,8,2,8,128,16,8,4,2,8,12,4,32,16,2,24,16,2,4,4,8,8,4,2,2,8,24,2,8,2,2,24,8,12,12,12,6,8,32,16,32,2,2,2,2,2,2,6,2,4,61505,0,36928,24640,8256,32831,24641,63553,H,1
34,1092,Crow,Apsáalooke,14169,,,0,0,0,0,0,0,0,4,2,2,4,4,0,0,0,0,0,0,0,0,0,0,0,32,2,2,2,8,0,2,0,6,4,16,12,4,2,24,2,8,36,2,2,2,2,2,2,2,2,2,4,6,32959,32959,8256,49215,32831,64,32959,32959,,1
31,40514,Zapotec,Zapotec,29239,,,16,18,4,16,2,2,128,8,2,2,4,4,2,4,8,8,2,12,2,2,6,2,32,32,2,2,6,8,4,2,2,2,2,8,16,20,24,4,8,8,36,10,2,2,4,4,2,2,2,4,6,0,57408,0,24640,63,32831,64,28737,41025,,1
15,33346,Jivaro,Jivaro,17667,,,32,40,6,2,4,0,0,4,2,2,0,2,4,32,0,32,2,32,2,2,12,6,12,4,2,2,2,2,16,24,8,2,4,16,24,48,2,24,32,4,40,-128,2,32,2,2,2,2,2,4,2,4,32959,32959,64,63,49215,32959,21570,21570,,1
86,26690,Tiwi,Tunuvivi,30077,,,8,56,6,16,2,8,8,8,2,2,4,6,2,4,16,32,2,16,2,2,8,8,32,32,2,2,2,6,12,48,34,2,6,24,24,48,2,20,6,4,40,32,4,120,2,2,2,2,2,6,2,4,61505,41024,16448,63,49215,64,28737,51265,,1
32,4195396,Oneida,Haudenosaunee,17282,,,2,0,0,0,0,0,0,16,2,2,8,2,0,0,0,0,0,0,0,2,0,2,0,32,2,2,6,16,0,4,0,2,4,48,48,0,18,24,12,8,48,8,8,16,8,12,2,6,2,6,4,4,32959,32959,32832,63,49215,16448,32959,32959,,1
51,836,Ainu,Hokkaido Ainu,16809,,,2,0,0,0,0,0,0,4,2,2,2,2,0,0,0,0,0,0,0,0,0,0,0,32,2,2,2,2,0,2,0,4,4,32,48,40,2,24,2,12,48,2,2,16,2,2,2,2,2,2,2,4,32959,32959,64,32831,49215,63,32959,32959,,1
97,45121,Thai,Thai,26973,,,32,2,2,8,2,32,128,8,2,2,4,2,4,2,0,16,2,2,2,2,2,2,2,12,2,6,2,12,4,2,12,2,2,12,32,24,32,32,16,8,48,16,6,10,12,6,2,2,4,4,2,6,579,0,16448,49215,63,64,49216,0,,1
48,4195140,Chuckchee,Chaunsky Chuckchi,13850,,,0,0,0,0,0,0,0,32,4,2,2,4,0,0,0,0,0,0,0,0,0,4,0,8,4,2,2,12,0,2,0,2,4,32,32,8,6,48,2,6,48,2,72,12,4,6,2,4,2,2,4,4,32959,32959,41024,8256,49215,63,32959,32959,,1
104,8453699,Mongolian,Monguor,21649,,,2,0,0,0,0,0,0,32,8,2,4,4,0,0,0,0,0,0,0,0,0,4,0,4,2,4,6,4,0,6,0,4,6,24,24,8,12,8,4,12,48,80,4,2,6,4,4,2,6,6,2,4,32959,32959,41024,16448,49215,64,32959,32959,,1
185,8453443,Chiluba,Shila,25400,,,2,0,0,0,0,0,0,8,4,2,8,8,0,0,0,0,0,0,0,0,0,8,0,16,32,4,40,40,0,8,0,4,6,24,12,2,24,24,12,8,48,64,80,6,16,8,8,2,6,4,6,4,32959,32959,24640,64,32831,16448,32959,32959,,1
136,9795,English,U.S. General,62475,,,16,2,8,16,2,16,16,8,2,2,2,8,4,4,2,16,2,8,2,2,2,2,16,24,4,4,2,4,4,4,4,2,2,32,8,8,8,8,8,8,48,8,2,4,8,2,2,0,0,0,0,0,15426,32832,16448,63,32831,49215,28737,4161,I,1
135,9539,English,U.S. General,62475,,,32,2,16,16,8,8,16,4,2,2,0,8,8,8,4,24,2,8,2,2,2,2,16,16,16,4,16,12,8,0,8,2,6,12,24,24,4,8,16,8,48,8,6,10,8,4,4,2,2,2,4,4,61505,16448,8256,63,32831,32959,32833,12353,I,1
140,33858,Welsh,Wales,28436,,,8,4,4,12,8,16,2,32,2,4,32,12,8,32,0,40,8,24,16,2,2,2,2,4,16,6,8,16,16,16,16,2,4,8,4,6,4,6,40,8,48,320,24,8,24,8,4,2,4,4,2,2,12354,28737,45120,49215,8256,41024,9282,32959,,1
52,23618,Japanese,Japan Unspecified,62532,,,16,4,12,28,4,4,2,16,2,4,0,4,4,32,16,16,4,24,48,8,2,2,8,8,16,6,4,48,48,4,12,2,4,24,8,12,6,24,32,8,64,288,104,6,20,4,2,2,6,4,6,2,41025,57408,32832,32831,64,32959,2114,61505,,1
154,12586052,Rif (Moroccan),Riffians,30150,,,0,0,8,0,0,0,0,16,2,4,0,0,0,0,0,32,8,0,0,0,0,4,0,40,2,2,2,2,2,32,32,2,4,32,16,32,2,24,2,12,96,32,2,96,2,4,4,2,4,2,2,2,32959,32959,32832,49215,64,16448,32959,32959,,1
181,67,Mbuti,Mbuti,21132,,,0,0,2,6,2,0,0,16,2,2,0,2,16,0,0,32,8,2,8,2,8,8,2,16,16,2,2,2,2,32,4,4,2,48,8,2,32,8,8,8,96,-128,2,96,8,4,2,2,2,4,2,2,32959,32959,32832,49215,32831,32959,32959,32959,,1
39,580,Tlingit,Tlingit,27193,,,2,0,0,0,0,0,0,8,2,4,0,4,0,0,0,0,0,0,0,0,0,8,0,32,2,2,2,4,0,2,0,2,4,32,8,12,2,16,2,12,96,2,2,2,4,2,2,0,0,0,0,0,32959,32959,16448,49215,64,32959,32959,32959,,1
62,6723,Mandarin,C Chinese Village,62309,,,0,2,0,8,2,32,128,32,2,2,2,4,2,2,0,16,2,8,2,2,2,4,4,8,16,2,0,0,0,0,0,2,4,16,4,8,32,16,8,4,96,8,72,8,8,4,8,2,2,2,4,2,38466,0,41024,32831,49215,63,0,41024,,1
96,21570,Thai,Thai,26973,,,32,20,4,12,2,8,4,8,2,2,4,12,48,32,0,16,8,16,16,2,4,4,6,8,16,6,6,12,16,24,16,2,2,12,32,40,48,16,24,12,96,64,4,2,4,2,6,2,4,4,2,4,7234,65,16448,63,32831,64,15426,9282,,1
